ModelName,Data,Hyperparameters,RandomSeed,Score_f2,Score_precision,Score_recall,Score_accuracy
LogisticRegression,v1,"{'penalty': None, 'max_iter': 1000}",62991,0.5970149253731343,0.5333333333333333,0.6153846153846154,0.7446808510638298
LogisticRegression,v1,"{'penalty': None, 'max_iter': 1000}",31703,0.5970149253731343,0.5333333333333333,0.6153846153846154,0.7446808510638298
LogisticRegression,v1,"{'penalty': None, 'max_iter': 1000}",64656,0.5970149253731343,0.5333333333333333,0.6153846153846154,0.7446808510638298
